{"train/global_step":2166,"train/grad_norm":23.658905029296875,"train_steps_per_second":0.197,"train/rewards/accuracies":0.7857142686843872,"_timestamp":1.7665202861635036e+09,"train/rewards/margins":23.151784896850586,"train/rewards/rejected":-7.254464149475098,"train_samples_per_second":23.646,"train/learning_rate":5.13083632632119e-10,"train/epoch":1,"train/logits/rejected":-2.390625,"train/logits/chosen":-2.3013393878936768,"_wandb":{"runtime":11752},"total_flos":0,"train_loss":0.3310374017058427,"_step":666,"_runtime":11752,"train/rewards/chosen":15.883928298950195,"train/logps/chosen":-615.1428833007812,"train/logps/rejected":-333.4285583496094,"train/loss":0.6637,"train_runtime":10990.5245}