{"train/rewards/rejected":-2.142857074737549,"train_samples_per_second":0.894,"train/rewards/margins":3.080357074737549,"train/loss":3.0662,"train_loss":2.5086326599121094,"train/epoch":1,"train/logps/rejected":-1243.4285888671875,"train/logits/chosen":-1.7477678060531616,"train_steps_per_second":0.007,"_step":8,"_timestamp":1.765583985587166e+09,"train/learning_rate":1.4285714285714285e-07,"train/logits/rejected":-1.8415178060531616,"_wandb":{"runtime":1672},"_runtime":1672,"train/rewards/chosen":0.9375,"train/rewards/accuracies":0.1964285671710968,"train/grad_norm":168.0706329345703,"total_flos":0,"train/logps/chosen":-1864,"train/global_step":8,"train_runtime":1118.7346}