{"train/rewards/chosen":18.5234375,"train/rewards/accuracies":0.8888888955116272,"_wandb":{"runtime":21820},"_step":2166,"train/logits/chosen":-0.101318359375,"train_loss":1.2075829332142325,"_runtime":21820,"train/epoch":1,"train/learning_rate":5.13083632632119e-10,"train/grad_norm":34.493473052978516,"train/logps/rejected":-348,"total_flos":0,"train/rewards/rejected":-8.2890625,"train/logps/chosen":-640.5,"_timestamp":1.7657925491044087e+09,"train/rewards/margins":26.828125,"train/loss":0.394,"train/global_step":2166,"train_steps_per_second":0.1,"train/logits/rejected":-0.0662841796875,"train_samples_per_second":12.004,"train_runtime":21649.0603}