{"train/logits/chosen":-1.750299334526062,"train/grad_norm":46789.171875,"_wandb":{"runtime":2297},"train/rewards/rejected":-10.13414192199707,"_timestamp":1.7655668346723056e+09,"train/global_step":8,"train_samples_per_second":0.436,"train/logps/chosen":-2094.364990234375,"train_loss":8.743329882621765,"train/logits/rejected":-1.8160059452056885,"train_steps_per_second":0.003,"_runtime":2297,"train/rewards/chosen":3.5825979709625244,"train/logps/rejected":-1423.15185546875,"train_runtime":2294.0817,"train/epoch":1,"train/loss":10.4385,"train/learning_rate":1.4285714285714285e-07,"total_flos":0,"train/rewards/accuracies":0.7019230723381042,"_step":8,"train/rewards/margins":13.716740608215332}