{"train/loss":0.5056,"train_steps_per_second":0.114,"train/global_step":2166,"train/rewards/rejected":-11.53125,"train/rewards/margins":28.125,"_wandb":{"runtime":19640},"train_samples_per_second":13.694,"train/logps/rejected":-346.5,"_step":2166,"train/rewards/chosen":16.609375,"_timestamp":1.7665777531351626e+09,"train/rewards/accuracies":0.9722222089767456,"total_flos":0,"train/grad_norm":39.95172882080078,"train/learning_rate":5.13083632632119e-10,"train/logits/chosen":-0.14453125,"train_runtime":18977.9621,"train/logps/chosen":-636,"_runtime":19640,"train/epoch":1,"train_loss":1.216937096337147,"train/logits/rejected":-0.15087890625}