{"train/grad_norm":5415.23486328125,"train_runtime":377.8994,"train/logps/chosen":-1178.7144775390625,"_step":2,"train/learning_rate":1e-06,"train_steps_per_second":0.005,"train/logits/chosen":-1.7806358337402344,"train/rewards/chosen":1.288812518119812,"train/logps/rejected":-828.1828002929688,"train/epoch":1,"_wandb":{"runtime":396},"train_samples_per_second":0.397,"train/global_step":2,"train/rewards/accuracies":0.5555555820465088,"train/rewards/margins":2.757962465286255,"train/loss":5.2405,"_timestamp":1.7655691805962899e+09,"train/logits/rejected":-1.794878602027893,"train/rewards/rejected":-1.469150185585022,"total_flos":0,"train_loss":6.296823978424072,"_runtime":396}