{"train/logits/chosen":-1.7806358337402344,"train/rewards/margins":2.757962465286255,"train/rewards/chosen":1.288812518119812,"train/logits/rejected":-1.794878602027893,"_timestamp":1.765557374357145e+09,"_wandb":{"runtime":357},"train/logps/chosen":-1178.7144775390625,"train/rewards/rejected":-1.469150185585022,"train_loss":6.296823978424072,"train/logps/rejected":-828.1828002929688,"_step":2,"train/rewards/accuracies":0.5555555820465088,"_runtime":357,"train_samples_per_second":0.425,"total_flos":0,"train/learning_rate":1e-06,"train/epoch":1,"train/grad_norm":5415.54443359375,"train_runtime":352.8552,"train/loss":5.2405,"train_steps_per_second":0.006,"train/global_step":2}