{"_runtime":19414,"train/logits/rejected":49.9375,"train/logps/chosen":-622,"train/grad_norm":95.17984771728516,"train_runtime":18905.3515,"train_loss":2.7115823392887854,"train/logits/chosen":50.9375,"train_samples_per_second":13.746,"train/learning_rate":5.13083632632119e-10,"train/loss":1.2866,"train/global_step":2166,"_timestamp":1.766557287935615e+09,"train/rewards/margins":32.109375,"train/rewards/chosen":14.763671875,"train/logps/rejected":-343.5,"total_flos":0,"train/epoch":1,"train/rewards/accuracies":0.8333333730697632,"_step":2166,"_wandb":{"runtime":19414},"train/rewards/rejected":-17.28125,"train_steps_per_second":0.115}