{"_wandb":{"runtime":118},"train/logits/rejected":-1.9475446939468384,"train_steps_per_second":0.074,"train/rewards/rejected":0.3561663031578064,"train_samples_per_second":9.256,"train_loss":1.7969436645507812,"train/global_step":8,"train/loss":2.5135,"train/logits/chosen":-2.161830425262451,"total_flos":0,"train/logps/rejected":-405.0714416503906,"train/epoch":1,"_runtime":118,"train/grad_norm":56.13069152832031,"_timestamp":1.7656392997542639e+09,"train/logps/chosen":-552.7142944335938,"train_runtime":107.93,"train/learning_rate":1.4285714285714285e-07,"train/rewards/margins":-0.8150809407234192,"train/rewards/chosen":-0.4593331515789032,"train/rewards/accuracies":0.1428571492433548,"_step":8}