{"_runtime":19680,"train/learning_rate":5.13083632632119e-10,"total_flos":0,"train_runtime":18979.6783,"train_samples_per_second":13.693,"train/rewards/margins":23.578125,"train/rewards/rejected":-8.34375,"train/grad_norm":49.0806770324707,"train/logps/rejected":-339.5,"_step":2166,"train/logits/rejected":-2.80859375,"_wandb":{"runtime":19680},"train/epoch":1,"train/global_step":2166,"train/rewards/accuracies":0.9166666269302368,"_timestamp":1.7657489545136878e+09,"train/loss":0.9545,"train/logits/chosen":-2.875,"train_steps_per_second":0.114,"train/logps/chosen":-615,"train/rewards/chosen":15.234375,"train_loss":1.1387537352720125}