{"total_flos":0,"train/logps/chosen":-627.1428833007812,"train/rewards/chosen":17.70089340209961,"train/rewards/rejected":-7.9598212242126465,"train/rewards/margins":25.696428298950195,"train_steps_per_second":0.197,"_timestamp":1.7665203191199164e+09,"train/logps/rejected":-336,"train/logits/chosen":1.7734375,"train/learning_rate":5.13083632632119e-10,"train/global_step":2166,"_wandb":{"runtime":11715},"train/loss":0.6816,"train/rewards/accuracies":0.8571429252624512,"train_loss":0.34748663144428643,"train_runtime":10978.1317,"train/grad_norm":23.777393341064453,"train_samples_per_second":23.673,"train/epoch":1,"_runtime":11715,"_step":666,"train/logits/rejected":1.7053571939468384}