{"train/global_step":2,"train_samples_per_second":0.489,"train/logits/rejected":-1.794878602027893,"train/learning_rate":1e-06,"train_steps_per_second":0.007,"_step":2,"total_flos":0,"train_loss":6.296823978424072,"train/logps/chosen":-1178.7144775390625,"train/logits/chosen":-1.7806358337402344,"train/rewards/margins":2.757962465286255,"train/loss":5.2405,"_runtime":311,"train/rewards/rejected":-1.469150185585022,"train/logps/rejected":-828.1828002929688,"train_runtime":306.9697,"train/epoch":1,"_timestamp":1.765567989732922e+09,"_wandb":{"runtime":311},"train/rewards/chosen":1.288812518119812,"train/grad_norm":5415.97314453125,"train/rewards/accuracies":0.5555555820465088}