{"train/global_step":3,"_step":3,"train_samples_per_second":0.362,"train/loss":1.9121,"train/logps/chosen":-1792,"total_flos":0,"_wandb":{"runtime":1159},"train/rewards/rejected":0.9720051884651184,"train/logits/rejected":-1.8880208730697632,"train/grad_norm":230.11183166503906,"train/rewards/accuracies":0,"train/rewards/chosen":0,"train_runtime":829.5929,"train/logps/rejected":-1148,"train_loss":1.0983072916666667,"_timestamp":1.7655826123723862e+09,"train/epoch":1,"train_steps_per_second":0.004,"train/learning_rate":5e-07,"train/rewards/margins":-0.9720051884651184,"train/logits/chosen":-1.8072916269302368,"_runtime":1159}