{"train/logits/rejected":-2.80859375,"train/logps/chosen":-611.5,"_wandb":{"runtime":19666},"train/logits/chosen":-2.86328125,"train/loss":0.6979,"train_runtime":18989.1549,"train_samples_per_second":13.686,"train/global_step":2166,"train_loss":1.1563246586907823,"train/grad_norm":43.76726531982422,"train/rewards/accuracies":0.9166666269302368,"_timestamp":1.7665984680256166e+09,"train/epoch":1,"train/rewards/chosen":12.83984375,"train_steps_per_second":0.114,"train/logps/rejected":-335,"train/rewards/rejected":-10.328125,"_step":2166,"_runtime":19666,"total_flos":0,"train/learning_rate":5.13083632632119e-10,"train/rewards/margins":23.1875}