{"_timestamp":1.765639820379835e+09,"_runtime":830,"train/logits/rejected":-2.0859375,"_wandb":{"runtime":830},"train_runtime":74.5627,"train/logps/chosen":-798,"train_loss":1.7682292196485732,"train/rewards/accuracies":0.13333334028720856,"total_flos":0,"train_samples_per_second":13.398,"train/loss":2.8797,"train/rewards/chosen":-0.7291259765625,"train/global_step":9,"train/logps/rejected":-469,"train_steps_per_second":0.121,"train/rewards/margins":-1.0859375,"train/grad_norm":147.25521850585938,"_step":9,"train/rewards/rejected":0.3548583984375,"train/epoch":1,"train/learning_rate":1.25e-07,"train/logits/chosen":-2.1875}