{"_wandb":{"runtime":20985},"_timestamp":1.7657059018695197e+09,"_step":2166,"total_flos":0,"train/logits/chosen":1.703125,"train/rewards/chosen":18.8359375,"train/rewards/accuracies":0.9166666865348816,"train_loss":1.2255808117550937,"train/logps/chosen":-628.5,"train/rewards/rejected":-11.203125,"train/rewards/margins":30.03125,"train/learning_rate":5.13083632632119e-10,"train/global_step":2166,"train_runtime":19536.2884,"train/loss":0.5271,"train/grad_norm":36.59250259399414,"_runtime":20985,"train_steps_per_second":0.111,"train_samples_per_second":13.302,"train/logps/rejected":-343.5,"train/epoch":1,"train/logits/rejected":1.65625}