{"_wandb":{"runtime":16179},"train/logps/chosen":-1540.800048828125,"_step":78,"train_samples_per_second":6.501,"_runtime":16179,"train/loss":0.0016,"train/grad_norm":2.715619586979301e-07,"train/epoch":1,"train/rewards/rejected":-202.8000030517578,"train/logps/rejected":-1100.800048828125,"_timestamp":1.7656208172825673e+09,"train/global_step":782,"train/logits/rejected":-1.877343773841858,"train/rewards/chosen":54.75,"train/rewards/margins":257.3999938964844,"total_flos":0,"train_runtime":15382.6943,"train_steps_per_second":0.051,"train/rewards/accuracies":0.999218761920929,"train_loss":0.19005439060935334,"train/learning_rate":4.267425320056899e-09,"train/logits/chosen":-1.821874976158142}